datasets,CN,AA,HOCI_3,HOCI_34,RB,RA,JS,JS_MAX,JS_MUL
datasets,CN,AA,HOCI_3,HOCI_34,RB,RA,JS,JS_MAX,JS_MUL
datasets,CN,AA,HOCI_3,HOCI_34,RB,RA,JS,JS_MAX,JS_MUL
datasets,CN,AA,HOCI_3,HOCI_34,RB,RA,JS,JS_MAX,JS_MUL
datasets,CN,AA,HOCI_3,HOCI_34,RB,RA,JS,JS_MAX,JS_MUL
../datasets/data/Football_115_613,0.02,0.030000000000000006,0.042,0.046000000000000006,0.07,0.032,0.046,0.0,0.0,
../datasets/data/Lesmis_77_254,0.124,0.122,0.10400000000000001,0.1,0.1,0.126,0.14800000000000002,0.006,0.006,
../datasets/data/NetScience_379_914,0.118,0.132,0.132,0.126,0.11399999999999999,0.13,0.132,0.0,0.0,
../datasets/data/Peking-1_134_348,0.09,0.11000000000000001,0.10400000000000001,0.10400000000000001,0.048,0.10999999999999999,0.084,0.002,0.002,
../datasets/data/jazz_198_2742,0.152,0.154,0.156,0.14600000000000002,0.006,0.146,0.126,0.004,0.004,
datasets,CN,AA,HOCI_2,HOCI_3,HOCI_4,HOCI_5,HOCI_23,HOCI_34,HOCI_45,HOCI_234,HOCI_345,HOCI_2345,RB,RA,JS,JS_MAX,JS_MUL
../datasets/data/Peking-1_134_348,0.08,0.08,0.09,0.1,0.07,0.08,0.09,0.1,0.07,0.09,0.1,0.09,0.03,0.06,0.09,0.0,0.0,
datasets,CN,AA,HOCI_2,HOCI_3,HOCI_4,HOCI_5,HOCI_23,HOCI_34,HOCI_45,HOCI_234,HOCI_345,HOCI_2345,RB,RA,JS,JS_MAX,JS_MUL
../datasets/data/Football_115_613,0.028000000000000004,0.038,0.023999999999999997,0.028000000000000004,0.03,0.03,0.02,0.030000000000000006,0.03,0.026000000000000002,0.030000000000000006,0.026000000000000002,0.07600000000000001,0.041999999999999996,0.06000000000000001,0.002,0.002,
../datasets/data/Lesmis_77_254,0.10600000000000001,0.11199999999999999,0.118,0.11599999999999999,0.11200000000000002,0.10600000000000001,0.126,0.118,0.11200000000000002,0.126,0.118,0.126,0.094,0.10800000000000001,0.152,0.006,0.006,
../datasets/data/NetScience_379_914,0.11000000000000001,0.11599999999999999,0.122,0.124,0.11199999999999999,0.10999999999999999,0.118,0.122,0.11399999999999999,0.118,0.122,0.12,0.138,0.122,0.146,0.0,0.0,
../datasets/data/Peking-1_134_348,0.06200000000000001,0.08600000000000001,0.06999999999999999,0.08600000000000001,0.086,0.076,0.066,0.078,0.086,0.06999999999999999,0.078,0.06999999999999999,0.048,0.08,0.082,0.004,0.004,
../datasets/data/jazz_198_2742,0.12800000000000003,0.134,0.132,0.126,0.122,0.12799999999999997,0.132,0.124,0.122,0.128,0.126,0.13,0.002,0.15,0.16999999999999998,0.013999999999999999,0.013999999999999999,
datasets,CN,AA,HOCI_2,HOCI_3,HOCI_4,HOCI_5,HOCI_23,HOCI_34,HOCI_45,HOCI_234,HOCI_345,HOCI_2345,RB,RA,JS,JS_MAX,JS_MUL
../datasets/data/Peking-1_134_348,0.0923,0.10189999999999996,0.09680000000000004,0.10349999999999994,0.09399999999999999,0.09139999999999998,0.0953,0.10349999999999994,0.09449999999999999,0.09450000000000001,0.10329999999999995,0.09450000000000001,0.040699999999999965,0.09949999999999998,0.08990000000000001,0.0008,0.0008,
datasets,CN,AA,HOCI_2,HOCI_3,HOCI_4,HOCI_5,HOCI_23,HOCI_34,HOCI_45,HOCI_234,HOCI_345,HOCI_2345,RB,RA,JS,JS_MAX,JS_MUL
datasets,CN,AA,HOCI_2,HOCI_3,HOCI_4,HOCI_5,HOCI_23,HOCI_34,HOCI_45,HOCI_234,HOCI_345,HOCI_2345,RB,RA,JS,JS_MAX,JS_MUL
datasets,CN,AA,HOCI_2,HOCI_3,HOCI_4,HOCI_5,HOCI_23,HOCI_34,HOCI_45,HOCI_234,HOCI_345,HOCI_2345,RB,RA,JS,JS_MAX,JS_MUL
../datasets/data/Peking-1_134_348,0.087,0.096,0.096,0.09799999999999999,0.08899999999999998,0.08299999999999999,0.092,0.09899999999999999,0.08999999999999998,0.092,0.09899999999999999,0.092,0.033999999999999996,0.091,0.091,0.002,0.002,
datasets,CN,AA,HOCI_2,HOCI_3,HOCI_4,HOCI_5,HOCI_23,HOCI_34,HOCI_45,HOCI_234,HOCI_345,HOCI_2345,RB,RA,JS,JS_MAX,JS_MUL
../datasets/data/eco-everglades_69_880,0.054000000000000006,0.057999999999999996,0.056999999999999995,0.062,0.05500000000000001,0.054000000000000006,0.05299999999999999,0.063,0.05500000000000001,0.05299999999999999,0.063,0.05299999999999999,0.044,0.05800000000000001,0.018,0.022,0.022,
../datasets/data/eco-stmarks_54_350,0.013000000000000001,0.009,0.018,0.013000000000000001,0.009999999999999998,0.013000000000000001,0.016,0.013000000000000001,0.009999999999999998,0.016999999999999998,0.013000000000000001,0.016999999999999998,0.016000000000000004,0.011,0.009,0.009,0.009,
datasets,CN,AA,HOCI_2,HOCI_3,HOCI_4,HOCI_5,HOCI_23,HOCI_34,HOCI_45,HOCI_234,HOCI_345,HOCI_2345,RB,RA,JS,JS_MAX,JS_MUL
../datasets/data/Peking-1_134_348,0.07,0.12,0.08,0.08,0.08,0.07,0.07,0.09,0.08,0.07,0.09,0.07,0.04,0.12,0.08,0.07,0.0,
datasets,CN,AA,HOCI_2,HOCI_3,HOCI_4,HOCI_5,HOCI_23,HOCI_34,HOCI_45,HOCI_234,HOCI_345,HOCI_2345,RB,RA,JS,JS_MAX,JS_MUL
../datasets/data/Peking-1_134_348,0.09,0.09,0.12,0.12,0.09,0.09,0.1,0.12,0.09,0.1,0.12,0.1,0.04,0.12,0.09,0.1,0.13,
datasets,CN,AA,AA_MAX,HOCI_2,HOCI_3,HOCI_4,HOCI_5,HOCI_23,HOCI_34,HOCI_45,HOCI_234,HOCI_345,HOCI_2345,RB,RA,JS,JS_MAX,JS_MUL
datasets,CN,AA,AA_MAX,HOCI_2,HOCI_3,HOCI_4,HOCI_5,HOCI_23,HOCI_34,HOCI_45,HOCI_234,HOCI_345,HOCI_2345,RB,RA,JS,JS_MAX,JS_MUL
datasets,CN,AA,AA_MAX,HOCI_2,HOCI_3,HOCI_4,HOCI_5,HOCI_23,HOCI_34,HOCI_45,HOCI_234,HOCI_345,HOCI_2345,RB,RA,JS,JS_MAX,JS_MUL
../datasets/data/Peking-1_134_348,0.08,0.08,0.09,0.09,0.1,0.07,0.08,0.09,0.1,0.07,0.11,0.1,0.11,0.04,0.08,0.11,0.1,0.12,
datasets,CN,AA,AA_MAX,AA_MUL,HOCI_2,HOCI_3,HOCI_4,HOCI_5,HOCI_23,HOCI_34,HOCI_45,HOCI_234,HOCI_345,HOCI_2345,RB,RA,JS,JS_MAX,JS_MUL
../datasets/data/Peking-1_134_348,0.08,0.08,0.08,0.08,0.08,0.08,0.08,0.08,0.08,0.11,0.08,0.08,0.13,0.08,0.02,0.08,0.05,0.07,0.12,
datasets,CN,AA,AA_MAX,AA_MUL,HOCI_2,HOCI_3,HOCI_4,HOCI_5,HOCI_23,HOCI_34,HOCI_45,HOCI_234,HOCI_345,HOCI_2345,RB,RA,JS,JS_MAX,JS_MUL
datasets,CN,AA,AA_MAX,AA_MUL,HOCI_2,HOCI_3,HOCI_4,HOCI_5,HOCI_23,HOCI_34,HOCI_45,HOCI_234,HOCI_345,HOCI_2345,RB,RA,JS,JS_MAX,JS_MUL
../datasets/data/Peking-1_134_348,0.09,0.1,0.06,0.06,0.08,0.06,0.12,0.09,0.08,0.06,0.12,0.08,0.06,0.08,0.03,0.07,0.05,0.07,0.13,
datasets,CN,AA,AA_MAX,AA_MUL,HOCI_2,HOCI_3,HOCI_4,HOCI_5,HOCI_23,HOCI_34,HOCI_45,HOCI_234,HOCI_345,HOCI_2345,RB,RA,JS,JS_MAX,JS_MUL
../datasets/data/Karate_34_78,0.01,0.0,0.01,0.01,0.01,0.0,0.01,0.01,0.01,0.0,0.01,0.01,0.0,0.01,0.0,0.0,0.0,0.0,0.0,
../datasets/data/Peking-1_134_348,0.09,0.12,0.1,0.1,0.11,0.11,0.12,0.09,0.11,0.11,0.12,0.11,0.11,0.11,0.04,0.11,0.1,0.07,0.14,
../datasets/data/jazz_198_2742,0.17,0.18,0.14,0.14,0.19,0.17,0.11,0.14,0.18,0.19,0.12,0.19,0.19,0.18,0.01,0.19,0.17,0.13,0.21,
datasets,CN,AA,PA,AA_MAX,AA_MUL,HOCI_2,HOCI_3,HOCI_4,HOCI_5,HOCI_23,HOCI_34,HOCI_45,HOCI_234,HOCI_345,HOCI_2345,RB,RA,JS,JS_MAX,JS_MUL
datasets,CN,AA,PA,AA_MAX,AA_MUL,HOCI_2,HOCI_3,HOCI_4,HOCI_5,HOCI_23,HOCI_34,HOCI_45,HOCI_234,HOCI_345,HOCI_2345,RB,RA,JS,JS_MAX,JS_MUL
../datasets/data/Karate_34_78,0.04,0.04,0.02,0.04,0.04,0.04,0.04,0.04,0.04,0.04,0.04,0.04,0.04,0.04,0.04,0.03,0.04,0.02,0.01,0.01,
../datasets/data/Peking-1_134_348,0.09,0.1,0.02,0.1,0.1,0.1,0.09,0.1,0.09,0.1,0.08,0.1,0.1,0.08,0.1,0.02,0.07,0.06,0.03,0.08,
../datasets/data/jazz_198_2742,0.16,0.11,0.15,0.12,0.12,0.16,0.11,0.13,0.16,0.16,0.11,0.11,0.16,0.11,0.16,0.01,0.12,0.15,0.12,0.19,
datasets,CN,AA,PA,AA_MAX,AA_MUL,HOCI_2,HOCI_3,HOCI_4,HOCI_5,HOCI_23,HOCI_34,HOCI_45,
    HOCI_234,HOCI_345,HOCI_2345,RB,RA,JS,JS_MAX,JS_MUL,Pair_Seed
datasets,CN,AA,PA,AA_MAX,AA_MUL,HOCI_2,HOCI_3,HOCI_4,HOCI_5,HOCI_23,HOCI_34,HOCI_45,
    HOCI_234,HOCI_345,HOCI_2345,RB,RA,JS,JS_MAX,JS_MUL,Pair_Seed
datasets,CN,AA,PA,AA_MAX,AA_MUL,HOCI_2,HOCI_3,HOCI_4,HOCI_5,HOCI_23,HOCI_34,HOCI_45,
    HOCI_234,HOCI_345,HOCI_2345,RB,RA,JS,JS_MAX,JS_MUL,Pair_Seed
datasets,CN,AA,PA,AA_MAX,AA_MUL,HOCI_2,HOCI_3,HOCI_4,HOCI_5,HOCI_23,HOCI_34,HOCI_45,
    HOCI_234,HOCI_345,HOCI_2345,RB,RA,JS,JS_MAX,JS_MUL,Pair_Seed
datasets,CN,AA,PA,AA_MAX,AA_MUL,HOCI_2,HOCI_3,HOCI_4,HOCI_5,HOCI_23,HOCI_34,HOCI_45,
    HOCI_234,HOCI_345,HOCI_2345,RB,RA,JS,JS_MAX,JS_MUL,Pair_Seed
datasets,CN,AA,PA,AA_MAX,AA_MUL,HOCI_2,HOCI_3,HOCI_4,HOCI_5,HOCI_23,HOCI_34,HOCI_45,
    HOCI_234,HOCI_345,HOCI_2345,RB,RA,JS,JS_MAX,JS_MUL,Pair_Seed
datasets,CN,AA,PA,AA_MAX,AA_MUL,HOCI_2,HOCI_3,HOCI_4,HOCI_5,HOCI_23,HOCI_34,HOCI_45,
    HOCI_234,HOCI_345,HOCI_2345,RB,RA,JS,JS_MAX,JS_MUL,Pair_Seed
../datasets/data/Peking-1_134_348,0.11,0.13,0.04,0.1,0.1,0.12,0.1,0.09,0.11,0.12,0.1,0.09,0.12,0.1,0.12,0.07,0.12,0.06,0.08,0.1,0.0,
../datasets/data/jazz_198_2742,0.12,0.09,0.06,0.07,0.07,0.1,0.08,0.11,0.12,0.11,0.12,0.11,0.13,0.12,0.13,0.01,0.09,0.19,0.16,0.2,0.06,
datasets,CN,AA,PA,AA_MAX,AA_MUL,HOCI_2,HOCI_3,HOCI_4,HOCI_5,HOCI_23,HOCI_34,HOCI_45,HOCI_234,HOCI_345,HOCI_2345,RB,RA,JS,JS_MAX,JS_MUL,Pair_Seed,PageRank_MAX
datasets,CN,AA,PA,AA_MAX,AA_MUL,HOCI_2,HOCI_3,HOCI_4,HOCI_5,HOCI_23,HOCI_34,HOCI_45,HOCI_234,HOCI_345,HOCI_2345,RB,RA,JS,JS_MAX,JS_MUL,Pair_Seed,PageRank_MAX
datasets,CN,AA,PA,AA_MAX,AA_MUL,HOCI_2,HOCI_3,HOCI_4,HOCI_5,HOCI_23,HOCI_34,HOCI_45,HOCI_234,HOCI_345,HOCI_2345,RB,RA,JS,JS_MAX,JS_MUL,Pair_Seed,PageRank_MAX
datasets,CN,AA,PA,AA_MAX,AA_MUL,HOCI_2,HOCI_3,HOCI_4,HOCI_5,HOCI_23,HOCI_34,HOCI_45,HOCI_234,HOCI_345,HOCI_2345,RB,RA,JS,JS_MAX,JS_MUL,Pair_Seed,PageRank_MAX
../datasets/data/Karate_34_78,0.02,0.02,0.01,0.02,0.02,0.02,0.02,0.02,0.02,0.02,0.02,0.02,0.02,0.02,0.02,0.02,0.02,0.02,0.01,0.0,0.02,0.02,
datasets,CN,AA,PA,AA_MAX,AA_MUL,HOCI_2,HOCI_3,HOCI_4,HOCI_5,HOCI_23,HOCI_34,HOCI_45,HOCI_234,HOCI_345,HOCI_2345,RB,RA,JS,JS_MAX,JS_MUL,Pair_Seed,PageRank_MAX
../datasets/data/Karate_34_78,0.03,0.03,0.03,0.03,0.03,0.03,0.01,0.03,0.03,0.03,0.01,0.03,0.03,0.01,0.03,0.01,0.03,0.01,0.01,0.0,0.0,0.01,
datasets,CN,AA,PA,AA_MAX,AA_MUL,HOCI_2,HOCI_3,HOCI_4,HOCI_5,HOCI_23,HOCI_34,HOCI_45,HOCI_234,HOCI_345,HOCI_2345,RB,RA,JS,JS_MAX,JS_MUL,Pair_Seed,PageRank_MAX,PageRank_MUL
datasets,CN,AA,PA,AA_MAX,AA_MUL,HOCI_2,HOCI_3,HOCI_4,HOCI_5,HOCI_23,HOCI_34,HOCI_45,HOCI_234,HOCI_345,HOCI_2345,RB,RA,JS,JS_MAX,JS_MUL,Pair_Seed,PageRank_MAX,PageRank_MUL
datasets,CN,AA,PA,AA_MAX,AA_MUL,HOCI_2,HOCI_3,HOCI_4,HOCI_5,HOCI_23,HOCI_34,HOCI_45,HOCI_234,HOCI_345,HOCI_2345,RB,RA,JS,JS_MAX,JS_MUL,Pair_Seed,PageRank_MAX,PageRank_MUL
datasets,CN,AA,PA,AA_MAX,AA_MUL,HOCI_2,HOCI_3,HOCI_4,HOCI_5,HOCI_23,HOCI_34,HOCI_45,HOCI_234,HOCI_345,HOCI_2345,RB,RA,JS,JS_MAX,JS_MUL,Pair_Seed,PageRank_MAX,PageRank_MUL
../datasets/data/Karate_34_78,0.02,0.02,0.02,0.02,0.02,0.02,0.02,0.02,0.02,0.02,0.02,0.02,0.02,0.02,0.02,0.02,0.02,0.01,0.0,0.01,0.01,0.02,0.01,
datasets,CN,AA,PA,AA_MAX,AA_MUL,HOCI_2,HOCI_3,HOCI_4,HOCI_5,HOCI_23,HOCI_34,HOCI_45,HOCI_234,HOCI_345,HOCI_2345,RB,RA,JS,JS_MAX,JS_MUL,Pair_Seed,PageRank_MAX,PageRank_MUL,TRPR
datasets,CN,AA,PA,AA_MAX,AA_MUL,HOCI_2,HOCI_3,HOCI_4,HOCI_5,HOCI_23,HOCI_34,HOCI_45,HOCI_234,HOCI_345,HOCI_2345,RB,RA,JS,JS_MAX,JS_MUL,Pair_Seed,PageRank_MAX,PageRank_MUL,TRPR
datasets,CN,AA,PA,AA_MAX,AA_MUL,HOCI_2,HOCI_3,HOCI_4,HOCI_5,HOCI_23,HOCI_34,HOCI_45,HOCI_234,HOCI_345,HOCI_2345,RB,RA,JS,JS_MAX,JS_MUL,Pair_Seed,PageRank_MAX,PageRank_MUL,TRPR
datasets,CN,AA,PA,AA_MAX,AA_MUL,HOCI_2,HOCI_3,HOCI_4,HOCI_5,HOCI_23,HOCI_34,HOCI_45,HOCI_234,HOCI_345,HOCI_2345,RB,RA,JS,JS_MAX,JS_MUL,Pair_Seed,PageRank_MAX,PageRank_MUL,TRPR
../datasets/data/Karate_34_78,0.01,0.01,0.0,0.0,0.0,0.0,0.0,0.01,0.01,0.0,0.0,0.01,0.0,0.0,0.0,0.01,0.0,0.0,0.0,0.0,0.0,0.0,0.0,0.0,
datasets,CN,AA,PA,AA_MAX,AA_MUL,HOCI_2,HOCI_3,HOCI_4,HOCI_5,HOCI_23,HOCI_34,HOCI_45,HOCI_234,HOCI_345,HOCI_2345,RB,RA,JS,JS_MAX,JS_MUL,Pair_Seed,PageRank_MAX,PageRank_MUL,TRPR
../datasets/data/Karate_34_78,0.03,0.03,0.02,0.03,0.03,0.03,0.03,0.03,0.03,0.03,0.03,0.03,0.03,0.03,0.03,0.02,0.03,0.02,0.01,0.0,0.02,0.01,0.01,0.01,
datasets,CN,AA,PA,AA_MAX,AA_MUL,HOCI_2,HOCI_3,HOCI_4,HOCI_5,HOCI_23,HOCI_34,HOCI_45,HOCI_234,HOCI_345,HOCI_2345,RB,RA,JS,JS_MAX,JS_MUL,Pair_Seed,PageRank_MAX,PageRank_MUL,TRPR
../datasets/data/Karate_34_78,0.03,0.03,0.03,0.03,0.03,0.03,0.03,0.03,0.03,0.03,0.03,0.03,0.03,0.03,0.03,0.03,0.03,0.02,0.02,0.01,0.03,0.02,0.02,0.03,
datasets,CN,AA,PA,AA_MAX,AA_MUL,HOCI_2,HOCI_3,HOCI_4,HOCI_5,HOCI_23,HOCI_34,HOCI_45,HOCI_234,HOCI_345,HOCI_2345,RB,RA,JS,JS_MAX,JS_MUL,Pair_Seed,PageRank_MAX,PageRank_MUL,TRPR
datasets,CN,AA,PA,AA_MAX,AA_MUL,HOCI_2,HOCI_3,HOCI_4,HOCI_5,HOCI_23,HOCI_34,HOCI_45,HOCI_234,HOCI_345,HOCI_2345,RB,RA,JS,JS_MAX,JS_MUL,Pair_Seed,PageRank_MAX,PageRank_MUL,TRPR,TRPRW
../datasets/data/Karate_34_78,0.0,0.0,0.0,0.0,0.0,0.0,0.0,0.0,0.0,0.0,0.0,0.0,0.0,0.0,0.0,0.01,0.0,0.0,0.0,0.0,0.0,0.0,0.0,0.0,0.0,
datasets,CN,AA,PA,AA_MAX,AA_MUL,HOCI_2,HOCI_3,HOCI_4,HOCI_5,HOCI_23,HOCI_34,HOCI_45,HOCI_234,HOCI_345,HOCI_2345,RB,RA,JS,JS_MAX,JS_MUL,Pair_Seed,PageRank_MAX,PageRank_MUL,TRPR,TRPRW
../datasets/data/Karate_34_78,0.0,0.0,0.01,0.0,0.0,0.0,0.0,0.0,0.0,0.01,0.0,0.0,0.01,0.0,0.01,0.0,0.0,0.0,0.0,0.0,0.02,0.02,0.0,0.0,0.0,
datasets,CN,AA,PA,AA_MAX,AA_MUL,HOCI_2,HOCI_3,HOCI_4,HOCI_5,HOCI_23,HOCI_34,HOCI_45,HOCI_234,HOCI_345,HOCI_2345,RB,RA,JS,JS_MAX,JS_MUL,Pair_Seed,PageRank_MAX,PageRank_MUL,TRPR,TRPRW
../datasets/data/Karate_34_78,0.013999999999999999,0.013999999999999999,0.012,0.014000000000000002,0.014000000000000002,0.015,0.013000000000000001,0.013999999999999999,0.013999999999999999,0.015,0.013000000000000001,0.013999999999999999,0.015,0.013000000000000001,0.015,0.015999999999999997,0.013999999999999999,0.011,0.011,0.004,0.012,0.019,0.012,0.017,0.017,
datasets,CN,AA,PA,AA_MAX,AA_MUL,HOCI_2,HOCI_3,HOCI_4,HOCI_5,HOCI_23,HOCI_34,HOCI_45,HOCI_234,HOCI_345,HOCI_2345,RB,RA,JS,JS_MAX,JS_MUL,Pair_Seed,PageRank_MAX,PageRank_MUL,TRPR,TRPRW
datasets,CN,AA,PA,AA_MAX,AA_MUL,HOCI_2,HOCI_3,HOCI_4,HOCI_5,HOCI_23,HOCI_34,HOCI_45,HOCI_234,HOCI_345,HOCI_2345,RB,RA,JS,JS_MAX,JS_MUL,Pair_Seed,PageRank_MAX,PageRank_MUL,TRPR,TRPRW
datasets,CN,AA,PA,AA_MAX,AA_MUL,HOCI_2,HOCI_3,HOCI_4,HOCI_5,HOCI_23,HOCI_34,HOCI_45,HOCI_234,HOCI_345,HOCI_2345,RB,RA,JS,JS_MAX,JS_MUL,Pair_Seed,PageRank_MAX,PageRank_MUL,TRPR,TRPRW
datasets,CN,AA,PA,AA_MAX,AA_MUL,HOCI_2,HOCI_3,HOCI_4,HOCI_5,HOCI_23,HOCI_34,HOCI_45,HOCI_234,HOCI_345,HOCI_2345,RB,RA,JS,JS_MAX,JS_MUL,Pair_Seed,PageRank_MAX,PageRank_MUL,TRPR,TRPRW
datasets,CN,AA,PA,AA_MAX,AA_MUL,HOCI_2,HOCI_3,HOCI_4,HOCI_5,HOCI_23,HOCI_34,HOCI_45,HOCI_234,HOCI_345,HOCI_2345,RB,RA,JS,JS_MAX,JS_MUL,Pair_Seed,PageRank_MAX,PageRank_MUL,TRPR,TRPRW
../datasets/data/Karate_34_78,0.01,0.01,0.01,0.01,0.01,0.01,0.01,0.01,0.01,0.01,0.01,0.01,0.01,0.01,0.01,0.01,0.01,0.01,0.01,0.0,0.01,0.01,0.01,0.01,0.01,
datasets,CN,AA,PA,AA_MAX,AA_MUL,HOCI_2,HOCI_3,HOCI_4,HOCI_5,HOCI_23,HOCI_34,HOCI_45,HOCI_234,HOCI_345,HOCI_2345,RB,RA,JS,JS_MAX,JS_MUL,Pair_Seed,PageRank_MAX,PageRank_MUL,TRPR,TRPRW
datasets,CN,AA,PA,AA_MAX,AA_MUL,HOCI_2,HOCI_3,HOCI_4,HOCI_5,HOCI_23,HOCI_34,HOCI_45,HOCI_234,HOCI_345,HOCI_2345,RB,RA,JS,JS_MAX,JS_MUL,Pair_Seed,PageRank_MAX,PageRank_MUL,TRPR,TRPRW
../datasets/data/Karate_34_78,0.03,0.03,0.01,0.03,0.03,0.03,0.02,0.03,0.03,0.03,0.02,0.03,0.03,0.02,0.03,0.02,0.03,0.01,0.0,0.0,0.0,0.02,0.02,0.02,0.02,
datasets,CN,AA,PA,AA_MAX,AA_MUL,HOCI_2,HOCI_3,HOCI_4,HOCI_5,HOCI_23,HOCI_34,HOCI_45,HOCI_234,HOCI_345,HOCI_2345,RB,RA,JS,JS_MAX,JS_MUL,Pair_Seed,PageRank_MAX,PageRank_MUL,TRPR,TRPRW
../datasets/data/Karate_34_78,0.02,0.0,0.0,0.01,0.01,0.02,0.0,0.02,0.02,0.02,0.0,0.02,0.02,0.0,0.02,0.02,0.0,0.0,0.01,0.01,0.01,0.01,0.01,0.01,0.01,
datasets,CN,AA,PA,AA_MAX,AA_MUL,HOCI_2,HOCI_3,HOCI_4,HOCI_5,HOCI_23,HOCI_34,HOCI_45,HOCI_234,HOCI_345,HOCI_2345,RB,RA,JS,JS_MAX,JS_MUL,Pair_Seed,PageRank_MAX,PageRank_MUL,TRPR,TRPRW
../datasets/data/Karate_34_78,0.02,0.02,0.02,0.02,0.02,0.02,0.02,0.02,0.02,0.02,0.02,0.02,0.02,0.02,0.02,0.02,0.02,0.01,0.01,0.0,0.0,0.01,0.02,0.02,0.02,
datasets,CN,AA,PA,AA_MAX,AA_MUL,HOCI_2,HOCI_3,HOCI_4,HOCI_5,HOCI_23,HOCI_34,HOCI_45,HOCI_234,HOCI_345,HOCI_2345,RB,RA,JS,JS_MAX,JS_MUL,Pair_Seed,PageRank_MAX,PageRank_MUL,TRPR,TRPRW
datasets,CN,AA,PA,AA_MAX,AA_MUL,HOCI_2,HOCI_3,HOCI_4,HOCI_5,HOCI_23,HOCI_34,HOCI_45,HOCI_234,HOCI_345,HOCI_2345,RB,RA,JS,JS_MAX,JS_MUL,Pair_Seed,PageRank_MAX,PageRank_MUL,TRPR,TRPRW
../datasets/data/NetScience_379_914,0.12,0.13,0.0,0.13,0.13,0.14,0.16,0.15,0.11,0.13,0.14,0.15,0.13,0.14,0.13,0.18,0.13,0.14,0.13,0.15,0.0,0.0,0.0,0.09,0.09,
